{
    "name": "NRank\\ImageOptim\\Framework\\Helpers",
    "line": 6,
    "short_desc": null,
    "long_desc": null,
    "hint": null,
    "tags": [],
    "namespace": "NRank\\ImageOptim\\Framework",
    "file": "\/Users\/sahil\/PhpstormProjects\/nrank-image-optim\/bin\/..\/includes\/Framework\/Helpers.php",
    "relative_file": null,
    "hash": "38594dc3a994c32d208751f2a3b2050794dd9b91",
    "parent": null,
    "modifiers": 0,
    "is_trait": false,
    "is_interface": false,
    "aliases": [],
    "errors": [],
    "interfaces": [],
    "traits": [],
    "properties": [],
    "methods": {
        "get_temp_path": {
            "name": "get_temp_path",
            "line": 7,
            "short_desc": null,
            "long_desc": null,
            "hint": null,
            "hint_desc": null,
            "tags": [],
            "modifiers": 9,
            "is_by_ref": "",
            "exceptions": [],
            "errors": [],
            "parameters": {
                "path": {
                    "name": "path",
                    "line": 7,
                    "short_desc": null,
                    "long_desc": null,
                    "hint": null,
                    "tags": [],
                    "modifiers": null,
                    "default": null,
                    "variadic": false,
                    "is_by_ref": false
                }
            }
        },
        "is_debug": {
            "name": "is_debug",
            "line": 13,
            "short_desc": null,
            "long_desc": null,
            "hint": null,
            "hint_desc": null,
            "tags": [],
            "modifiers": 9,
            "is_by_ref": "",
            "exceptions": [],
            "errors": [],
            "parameters": []
        }
    },
    "constants": []
}