{
    "name": "NRank\\ImageOptim\\Framework\\Storage\\Options",
    "line": 9,
    "short_desc": null,
    "long_desc": null,
    "hint": null,
    "tags": [],
    "namespace": "NRank\\ImageOptim\\Framework\\Storage",
    "file": "\/Users\/sahil\/PhpstormProjects\/nrank-image-optim\/bin\/..\/includes\/Framework\/Storage\/Options.php",
    "relative_file": null,
    "hash": "7c392b968528a589bc980d3849b6a3ca7c1e79cc",
    "parent": null,
    "modifiers": 0,
    "is_trait": false,
    "is_interface": false,
    "aliases": {
        "": "NRank\\ImageOptim\\Framework\\Context"
    },
    "errors": [],
    "interfaces": {
        "NRank\\ImageOptim\\Framework\\Storage\\Options_Interface": "NRank\\ImageOptim\\Framework\\Storage\\Options_Interface"
    },
    "traits": [],
    "properties": {
        "prefix": {
            "name": "prefix",
            "line": 27,
            "short_desc": "Options will be stored with this prefix.",
            "long_desc": "",
            "hint": [
                [
                    "string",
                    false
                ]
            ],
            "hint_desc": "",
            "tags": {
                "since": [
                    [
                        "0.0.2",
                        ""
                    ]
                ]
            },
            "modifiers": 2,
            "default": null,
            "errors": []
        }
    },
    "methods": {
        "__construct": {
            "name": "__construct",
            "line": 37,
            "short_desc": "Constructor.",
            "long_desc": "",
            "hint": null,
            "hint_desc": null,
            "tags": {
                "since": [
                    [
                        "0.0.1",
                        ""
                    ]
                ]
            },
            "modifiers": 1,
            "is_by_ref": "",
            "exceptions": [],
            "errors": [],
            "parameters": {
                "context": {
                    "name": "context",
                    "line": 37,
                    "short_desc": "Plugin context.",
                    "long_desc": null,
                    "hint": [
                        [
                            "\\NRank\\ImageOptim\\Framework\\Context",
                            false
                        ]
                    ],
                    "tags": [],
                    "modifiers": {
                        "nodeType": "Name_FullyQualified",
                        "parts": [
                            "NRank",
                            "ImageOptim",
                            "Framework",
                            "Context"
                        ],
                        "attributes": {
                            "startLine": 37,
                            "endLine": 37
                        }
                    },
                    "default": null,
                    "variadic": false,
                    "is_by_ref": false
                }
            }
        },
        "get": {
            "name": "get",
            "line": 53,
            "short_desc": "Gets the value of the given option.",
            "long_desc": "",
            "hint": [
                [
                    "mixed",
                    false
                ]
            ],
            "hint_desc": "Value set for the option, or false if not set.",
            "tags": {
                "since": [
                    [
                        "0.0.1",
                        ""
                    ]
                ]
            },
            "modifiers": 1,
            "is_by_ref": "",
            "exceptions": [],
            "errors": [],
            "parameters": {
                "option": {
                    "name": "option",
                    "line": 53,
                    "short_desc": "Option name.",
                    "long_desc": null,
                    "hint": [
                        [
                            "string",
                            false
                        ]
                    ],
                    "tags": [],
                    "modifiers": null,
                    "default": null,
                    "variadic": false,
                    "is_by_ref": false
                },
                "default": {
                    "name": "default",
                    "line": 53,
                    "short_desc": "Default value.",
                    "long_desc": null,
                    "hint": [
                        [
                            "mixed",
                            false
                        ]
                    ],
                    "tags": [],
                    "modifiers": null,
                    "default": "null",
                    "variadic": false,
                    "is_by_ref": false
                }
            }
        },
        "set": {
            "name": "set",
            "line": 66,
            "short_desc": "",
            "long_desc": "",
            "hint": [
                [
                    "bool",
                    false
                ]
            ],
            "hint_desc": "True on success, false on failure.",
            "tags": {
                "inheritDoc": [
                    [
                        ""
                    ]
                ]
            },
            "modifiers": 1,
            "is_by_ref": "",
            "exceptions": [],
            "errors": [],
            "parameters": {
                "option": {
                    "name": "option",
                    "line": 66,
                    "short_desc": "Option name.",
                    "long_desc": null,
                    "hint": [
                        [
                            "string",
                            false
                        ]
                    ],
                    "tags": [],
                    "modifiers": null,
                    "default": null,
                    "variadic": false,
                    "is_by_ref": false
                },
                "value": {
                    "name": "value",
                    "line": 66,
                    "short_desc": "Option value. Must be serializable if non-scalar.",
                    "long_desc": null,
                    "hint": [
                        [
                            "mixed",
                            false
                        ]
                    ],
                    "tags": [],
                    "modifiers": null,
                    "default": null,
                    "variadic": false,
                    "is_by_ref": false
                }
            }
        },
        "delete": {
            "name": "delete",
            "line": 77,
            "short_desc": "",
            "long_desc": "",
            "hint": [
                [
                    "bool",
                    false
                ]
            ],
            "hint_desc": "True on success, false on failure.",
            "tags": {
                "inheritDoc": [
                    [
                        ""
                    ]
                ]
            },
            "modifiers": 1,
            "is_by_ref": "",
            "exceptions": [],
            "errors": [],
            "parameters": {
                "option": {
                    "name": "option",
                    "line": 77,
                    "short_desc": "Option name.",
                    "long_desc": null,
                    "hint": [
                        [
                            "string",
                            false
                        ]
                    ],
                    "tags": [],
                    "modifiers": null,
                    "default": null,
                    "variadic": false,
                    "is_by_ref": false
                }
            }
        }
    },
    "constants": {
        "optionDoesNotExistMessage": {
            "name": "optionDoesNotExistMessage",
            "line": 19,
            "short_desc": null,
            "long_desc": null
        }
    }
}