{
    "name": "NRank\\ImageOptim\\Framework\\Helpers",
    "line": 6,
    "short_desc": null,
    "long_desc": null,
    "hint": null,
    "tags": [],
    "namespace": "NRank\\ImageOptim\\Framework",
    "file": "\/Users\/sahil\/PhpstormProjects\/nrank-image-optim\/bin\/..\/includes\/Framework\/Helpers.php",
    "relative_file": null,
    "hash": "aff15f4dc8aed48b768a4177beb41e74e61c132e",
    "parent": null,
    "modifiers": 0,
    "is_trait": false,
    "is_interface": false,
    "aliases": [],
    "errors": [],
    "interfaces": [],
    "traits": [],
    "properties": [],
    "methods": {
        "get_temp_path": {
            "name": "get_temp_path",
            "line": 10,
            "short_desc": null,
            "long_desc": null,
            "hint": null,
            "hint_desc": null,
            "tags": [],
            "modifiers": 9,
            "is_by_ref": "",
            "exceptions": [],
            "errors": [],
            "parameters": {
                "path": {
                    "name": "path",
                    "line": 10,
                    "short_desc": null,
                    "long_desc": null,
                    "hint": null,
                    "tags": [],
                    "modifiers": null,
                    "default": null,
                    "variadic": false,
                    "is_by_ref": false
                }
            }
        },
        "is_debug": {
            "name": "is_debug",
            "line": 16,
            "short_desc": null,
            "long_desc": null,
            "hint": null,
            "hint_desc": null,
            "tags": [],
            "modifiers": 9,
            "is_by_ref": "",
            "exceptions": [],
            "errors": [],
            "parameters": []
        },
        "wait_for_file": {
            "name": "wait_for_file",
            "line": 20,
            "short_desc": null,
            "long_desc": null,
            "hint": null,
            "hint_desc": null,
            "tags": [],
            "modifiers": 1,
            "is_by_ref": "",
            "exceptions": [],
            "errors": [],
            "parameters": {
                "file_path": {
                    "name": "file_path",
                    "line": 20,
                    "short_desc": null,
                    "long_desc": null,
                    "hint": null,
                    "tags": [],
                    "modifiers": null,
                    "default": null,
                    "variadic": false,
                    "is_by_ref": false
                },
                "try": {
                    "name": "try",
                    "line": 20,
                    "short_desc": null,
                    "long_desc": null,
                    "hint": null,
                    "tags": [],
                    "modifiers": null,
                    "default": "4",
                    "variadic": false,
                    "is_by_ref": false
                }
            }
        }
    },
    "constants": []
}