{
    "name": "NRank\\ImageOptim\\Framework\\Traits\\With_Options",
    "line": 10,
    "short_desc": null,
    "long_desc": null,
    "hint": null,
    "tags": [],
    "namespace": "NRank\\ImageOptim\\Framework\\Traits",
    "file": "\/Users\/sahil\/PhpstormProjects\/nrank-image-optim\/bin\/..\/includes\/Framework\/Traits\/With_Options.php",
    "relative_file": null,
    "hash": "f03d1579a64662212d27405bfc18778302552a90",
    "parent": null,
    "modifiers": null,
    "is_trait": true,
    "is_interface": false,
    "aliases": {
        "": "NRank\\ImageOptim\\Framework\\Storage\\Options"
    },
    "errors": [],
    "interfaces": [],
    "traits": [],
    "properties": {
        "options": {
            "name": "options",
            "line": 16,
            "short_desc": "",
            "long_desc": "",
            "hint": [
                [
                    "\\Options",
                    false
                ]
            ],
            "hint_desc": "",
            "tags": [],
            "modifiers": 2,
            "default": null,
            "errors": []
        },
        "context": {
            "name": "context",
            "line": 22,
            "short_desc": "",
            "long_desc": "",
            "hint": [
                [
                    "\\Context",
                    false
                ]
            ],
            "hint_desc": "",
            "tags": [],
            "modifiers": 2,
            "default": null,
            "errors": []
        }
    },
    "methods": {
        "__construct": {
            "name": "__construct",
            "line": 30,
            "short_desc": "With_Options constructor.",
            "long_desc": "",
            "hint": null,
            "hint_desc": null,
            "tags": [],
            "modifiers": 1,
            "is_by_ref": "",
            "exceptions": [],
            "errors": [],
            "parameters": {
                "options": {
                    "name": "options",
                    "line": 30,
                    "short_desc": "",
                    "long_desc": null,
                    "hint": [
                        [
                            "\\NRank\\ImageOptim\\Framework\\Storage\\Options",
                            false
                        ]
                    ],
                    "tags": [],
                    "modifiers": {
                        "nodeType": "Name_FullyQualified",
                        "parts": [
                            "NRank",
                            "ImageOptim",
                            "Framework",
                            "Storage",
                            "Options"
                        ],
                        "attributes": {
                            "startLine": 30,
                            "endLine": 30
                        }
                    },
                    "default": null,
                    "variadic": false,
                    "is_by_ref": false
                },
                "context": {
                    "name": "context",
                    "line": 30,
                    "short_desc": "",
                    "long_desc": null,
                    "hint": [
                        [
                            "\\NRank\\ImageOptim\\Framework\\Context",
                            false
                        ]
                    ],
                    "tags": [],
                    "modifiers": {
                        "nodeType": "Name_FullyQualified",
                        "parts": [
                            "NRank",
                            "ImageOptim",
                            "Framework",
                            "Context"
                        ],
                        "attributes": {
                            "startLine": 30,
                            "endLine": 30
                        }
                    },
                    "default": null,
                    "variadic": false,
                    "is_by_ref": false
                }
            }
        }
    },
    "constants": []
}