{
    "name": "NRank\\ImageOptim\\Framework\\Storage\\Options_Interface",
    "line": 14,
    "short_desc": "Interface for Options implementations.",
    "long_desc": "",
    "hint": null,
    "tags": {
        "since": [
            [
                "0.0.1",
                ""
            ]
        ],
        "access": [
            [
                "private"
            ]
        ],
        "ignore": [
            [
                ""
            ]
        ]
    },
    "namespace": "NRank\\ImageOptim\\Framework\\Storage",
    "file": "\/Users\/sahil\/PhpstormProjects\/nrank-image-optim\/bin\/..\/includes\/Framework\/Storage\/Options_Interface.php",
    "relative_file": null,
    "hash": "c937197e3fff79dd099012d13c727cd6a4c3e6ca",
    "parent": null,
    "modifiers": null,
    "is_trait": false,
    "is_interface": true,
    "aliases": [],
    "errors": [],
    "interfaces": [],
    "traits": [],
    "properties": [],
    "methods": {
        "get": {
            "name": "get",
            "line": 27,
            "short_desc": "Gets the value of the given option.",
            "long_desc": "",
            "hint": [
                [
                    "mixed",
                    false
                ]
            ],
            "hint_desc": "Value set for the option, or false if not set.",
            "tags": {
                "since": [
                    [
                        "0.0.1",
                        ""
                    ]
                ]
            },
            "modifiers": 1,
            "is_by_ref": "",
            "exceptions": [],
            "errors": [],
            "parameters": {
                "option": {
                    "name": "option",
                    "line": 27,
                    "short_desc": "Option name.",
                    "long_desc": null,
                    "hint": [
                        [
                            "string",
                            false
                        ]
                    ],
                    "tags": [],
                    "modifiers": null,
                    "default": null,
                    "variadic": false,
                    "is_by_ref": false
                },
                "default": {
                    "name": "default",
                    "line": 27,
                    "short_desc": "Default value.",
                    "long_desc": null,
                    "hint": [
                        [
                            "mixed",
                            false
                        ]
                    ],
                    "tags": [],
                    "modifiers": null,
                    "default": null,
                    "variadic": false,
                    "is_by_ref": false
                }
            }
        },
        "set": {
            "name": "set",
            "line": 39,
            "short_desc": "Sets the value for a option.",
            "long_desc": "",
            "hint": [
                [
                    "bool",
                    false
                ]
            ],
            "hint_desc": "True on success, false on failure.",
            "tags": {
                "since": [
                    [
                        "0.0.1",
                        ""
                    ]
                ]
            },
            "modifiers": 1,
            "is_by_ref": "",
            "exceptions": [],
            "errors": [],
            "parameters": {
                "option": {
                    "name": "option",
                    "line": 39,
                    "short_desc": "Option name.",
                    "long_desc": null,
                    "hint": [
                        [
                            "string",
                            false
                        ]
                    ],
                    "tags": [],
                    "modifiers": null,
                    "default": null,
                    "variadic": false,
                    "is_by_ref": false
                },
                "value": {
                    "name": "value",
                    "line": 39,
                    "short_desc": "Option value. Must be serializable if non-scalar.",
                    "long_desc": null,
                    "hint": [
                        [
                            "mixed",
                            false
                        ]
                    ],
                    "tags": [],
                    "modifiers": null,
                    "default": null,
                    "variadic": false,
                    "is_by_ref": false
                }
            }
        },
        "delete": {
            "name": "delete",
            "line": 50,
            "short_desc": "Deletes the given option.",
            "long_desc": "",
            "hint": [
                [
                    "bool",
                    false
                ]
            ],
            "hint_desc": "True on success, false on failure.",
            "tags": {
                "since": [
                    [
                        "0.0.1",
                        ""
                    ]
                ]
            },
            "modifiers": 1,
            "is_by_ref": "",
            "exceptions": [],
            "errors": [],
            "parameters": {
                "option": {
                    "name": "option",
                    "line": 50,
                    "short_desc": "Option name.",
                    "long_desc": null,
                    "hint": [
                        [
                            "string",
                            false
                        ]
                    ],
                    "tags": [],
                    "modifiers": null,
                    "default": null,
                    "variadic": false,
                    "is_by_ref": false
                }
            }
        }
    },
    "constants": []
}