{
    "name": "NRank\\ImageOptim\\Framework\\Context",
    "line": 15,
    "short_desc": null,
    "long_desc": null,
    "hint": null,
    "tags": [],
    "namespace": "NRank\\ImageOptim\\Framework",
    "file": "\/Users\/sahil\/PhpstormProjects\/nrank-image-optim\/bin\/..\/includes\/Framework\/Context.php",
    "relative_file": null,
    "hash": "37dcce340e5f47ac477e4fe8ca7ea02b4416ab15",
    "parent": null,
    "modifiers": 32,
    "is_trait": false,
    "is_interface": false,
    "aliases": {
        "": "PHLAK\\Config\\Exceptions\\InvalidContextException"
    },
    "errors": [],
    "interfaces": [],
    "traits": [],
    "properties": {
        "config": {
            "name": "config",
            "line": 20,
            "short_desc": "",
            "long_desc": "",
            "hint": [
                [
                    "\\Dot",
                    false
                ]
            ],
            "hint_desc": "",
            "tags": [],
            "modifiers": 1,
            "default": null,
            "errors": []
        },
        "options": {
            "name": "options",
            "line": 25,
            "short_desc": "",
            "long_desc": "",
            "hint": [
                [
                    "\\Dot",
                    false
                ]
            ],
            "hint_desc": "",
            "tags": [],
            "modifiers": 1,
            "default": null,
            "errors": []
        }
    },
    "methods": {
        "__construct": {
            "name": "__construct",
            "line": 28,
            "short_desc": null,
            "long_desc": null,
            "hint": null,
            "hint_desc": null,
            "tags": [],
            "modifiers": 1,
            "is_by_ref": "",
            "exceptions": [],
            "errors": [],
            "parameters": []
        },
        "logger": {
            "name": "logger",
            "line": 43,
            "short_desc": "",
            "long_desc": "",
            "hint": [
                [
                    "\\Logger",
                    false
                ]
            ],
            "hint_desc": "",
            "tags": [],
            "modifiers": 1,
            "is_by_ref": "",
            "exceptions": [],
            "errors": [],
            "parameters": []
        }
    },
    "constants": []
}