{
    "name": "NRank\\ImageOptim\\Plugin",
    "line": 12,
    "short_desc": null,
    "long_desc": null,
    "hint": null,
    "tags": [],
    "namespace": "NRank\\ImageOptim",
    "file": "\/Users\/sahil\/PhpstormProjects\/nrank-image-optim\/bin\/..\/includes\/Plugin.php",
    "relative_file": null,
    "hash": "e8d15832aa3aef16531089a139113969e36eda6b",
    "parent": null,
    "modifiers": 32,
    "is_trait": false,
    "is_interface": false,
    "aliases": {
        "": "Puc_v4_Factory"
    },
    "errors": [],
    "interfaces": [],
    "traits": [],
    "properties": [],
    "methods": {
        "__construct": {
            "name": "__construct",
            "line": 37,
            "short_desc": "Sets the plugin main file.",
            "long_desc": "",
            "hint": null,
            "hint_desc": null,
            "tags": {
                "since": [
                    [
                        "0.0.1",
                        ""
                    ]
                ]
            },
            "modifiers": 1,
            "is_by_ref": "",
            "exceptions": [],
            "errors": [],
            "parameters": []
        },
        "context": {
            "name": "context",
            "line": 48,
            "short_desc": "Retrieves the plugin context object.",
            "long_desc": "",
            "hint": [
                [
                    "\\Context",
                    false
                ]
            ],
            "hint_desc": "Plugin context.",
            "tags": {
                "since": [
                    [
                        "0.0.1",
                        ""
                    ]
                ]
            },
            "modifiers": 1,
            "is_by_ref": "",
            "exceptions": [],
            "errors": [],
            "parameters": []
        },
        "register": {
            "name": "register",
            "line": 57,
            "short_desc": "Registers the plugin with WordPress.",
            "long_desc": "",
            "hint": null,
            "hint_desc": null,
            "tags": {
                "since": [
                    [
                        "0.0.1",
                        ""
                    ]
                ]
            },
            "modifiers": 1,
            "is_by_ref": "",
            "exceptions": [],
            "errors": [],
            "parameters": []
        },
        "instance": {
            "name": "instance",
            "line": 84,
            "short_desc": "Retrieves the main instance of the plugin.",
            "long_desc": "",
            "hint": [
                [
                    "\\Plugin",
                    false
                ]
            ],
            "hint_desc": "Plugin main instance.",
            "tags": {
                "since": [
                    [
                        "0.0.1",
                        ""
                    ]
                ]
            },
            "modifiers": 9,
            "is_by_ref": "",
            "exceptions": [],
            "errors": [],
            "parameters": []
        },
        "update_checker": {
            "name": "update_checker",
            "line": 92,
            "short_desc": "Check the repo for updates",
            "long_desc": "",
            "hint": null,
            "hint_desc": null,
            "tags": {
                "since": [
                    [
                        "0.0.4",
                        ""
                    ]
                ]
            },
            "modifiers": 1,
            "is_by_ref": "",
            "exceptions": [],
            "errors": [],
            "parameters": []
        },
        "load": {
            "name": "load",
            "line": 110,
            "short_desc": "Loads the plugin main instance and initializes it.",
            "long_desc": "",
            "hint": [
                [
                    "bool",
                    false
                ]
            ],
            "hint_desc": "True if the plugin main instance could be loaded, false otherwise.",
            "tags": {
                "since": [
                    [
                        "0.0.1",
                        ""
                    ]
                ]
            },
            "modifiers": 9,
            "is_by_ref": "",
            "exceptions": [],
            "errors": [
                "\"0\" @param tags are expected but only \"1\" found"
            ],
            "parameters": []
        }
    },
    "constants": []
}