{
    "name": "NRank\\ImageOptim\\Framework\\Optimizer",
    "line": 11,
    "short_desc": null,
    "long_desc": null,
    "hint": null,
    "tags": [],
    "namespace": "NRank\\ImageOptim\\Framework",
    "file": "\/Users\/sahil\/PhpstormProjects\/nrank-image-optim\/bin\/..\/includes\/Framework\/Optimizer.php",
    "relative_file": null,
    "hash": "6097b19b8d086bc61650d0a97a07e59a6dc061db",
    "parent": null,
    "modifiers": 0,
    "is_trait": false,
    "is_interface": false,
    "aliases": {
        "": "NRank\\ImageOptim\\Framework\\Traits\\With_Options"
    },
    "errors": [],
    "interfaces": [],
    "traits": {
        "NRank\\ImageOptim\\Framework\\Traits\\With_Options": "NRank\\ImageOptim\\Framework\\Traits\\With_Options"
    },
    "properties": [],
    "methods": {
        "boot": {
            "name": "boot",
            "line": 16,
            "short_desc": null,
            "long_desc": null,
            "hint": null,
            "hint_desc": null,
            "tags": [],
            "modifiers": 1,
            "is_by_ref": "",
            "exceptions": [],
            "errors": [],
            "parameters": []
        },
        "resize_from_meta_data": {
            "name": "resize_from_meta_data",
            "line": 31,
            "short_desc": "Read the image paths from an attachment's meta data and process each image",
            "long_desc": "Called after `wp_generate_attachment_metadata` is completed.",
            "hint": [
                [
                    "mixed",
                    false
                ]
            ],
            "hint_desc": "",
            "tags": [],
            "modifiers": 1,
            "is_by_ref": "",
            "exceptions": [],
            "errors": [],
            "parameters": {
                "meta": {
                    "name": "meta",
                    "line": 31,
                    "short_desc": "",
                    "long_desc": null,
                    "hint": [],
                    "tags": [],
                    "modifiers": null,
                    "default": null,
                    "variadic": false,
                    "is_by_ref": false
                },
                "ID": {
                    "name": "ID",
                    "line": 31,
                    "short_desc": "",
                    "long_desc": null,
                    "hint": [
                        [
                            "null",
                            false
                        ]
                    ],
                    "tags": [],
                    "modifiers": null,
                    "default": "null",
                    "variadic": false,
                    "is_by_ref": false
                }
            }
        },
        "image_optim": {
            "name": "image_optim",
            "line": 123,
            "short_desc": "Process an image with Smush.",
            "long_desc": "Returns an array of the $file $results.",
            "hint": [
                [
                    "bool",
                    false
                ],
                [
                    "\\Intervention\\Image\\Image",
                    false
                ]
            ],
            "hint_desc": "",
            "tags": [],
            "modifiers": 1,
            "is_by_ref": "",
            "exceptions": [],
            "errors": [],
            "parameters": {
                "file_path": {
                    "name": "file_path",
                    "line": 123,
                    "short_desc": "Full absolute path to the image file",
                    "long_desc": null,
                    "hint": [
                        [
                            "string",
                            false
                        ]
                    ],
                    "tags": [],
                    "modifiers": null,
                    "default": "''",
                    "variadic": false,
                    "is_by_ref": false
                },
                "ignore_max_size": {
                    "name": "ignore_max_size",
                    "line": 123,
                    "short_desc": "",
                    "long_desc": null,
                    "hint": [
                        [
                            "bool",
                            false
                        ]
                    ],
                    "tags": [],
                    "modifiers": null,
                    "default": "false",
                    "variadic": false,
                    "is_by_ref": false
                }
            }
        }
    },
    "constants": []
}