{
    "name": "NRank\\ImageOptim\\Framework\\Optimizers\\Image",
    "line": 9,
    "short_desc": null,
    "long_desc": null,
    "hint": null,
    "tags": [],
    "namespace": "NRank\\ImageOptim\\Framework\\Optimizers",
    "file": "\/Users\/sahil\/PhpstormProjects\/nrank-image-optim\/bin\/..\/includes\/Framework\/Optimizers\/Image.php",
    "relative_file": null,
    "hash": "c59f966789b4ec1a3462469ad5661699c06cb952",
    "parent": null,
    "modifiers": 0,
    "is_trait": false,
    "is_interface": false,
    "aliases": {
        "": "Intervention\\Image\\ImageManager"
    },
    "errors": [],
    "interfaces": [],
    "traits": [],
    "properties": {
        "max_width": {
            "name": "max_width",
            "line": 15,
            "short_desc": "",
            "long_desc": "",
            "hint": [
                [
                    "int",
                    false
                ]
            ],
            "hint_desc": "",
            "tags": [],
            "modifiers": 2,
            "default": {
                "nodeType": "Scalar_LNumber",
                "value": 1500,
                "attributes": {
                    "startLine": 15,
                    "endLine": 15,
                    "kind": 10
                }
            },
            "errors": []
        },
        "max_height": {
            "name": "max_height",
            "line": 20,
            "short_desc": "",
            "long_desc": "",
            "hint": [
                [
                    "int",
                    false
                ]
            ],
            "hint_desc": "",
            "tags": [],
            "modifiers": 2,
            "default": {
                "nodeType": "Scalar_LNumber",
                "value": 1500,
                "attributes": {
                    "startLine": 20,
                    "endLine": 20,
                    "kind": 10
                }
            },
            "errors": []
        },
        "quality": {
            "name": "quality",
            "line": 25,
            "short_desc": "",
            "long_desc": "",
            "hint": [
                [
                    "int",
                    false
                ]
            ],
            "hint_desc": "",
            "tags": [],
            "modifiers": 2,
            "default": {
                "nodeType": "Scalar_LNumber",
                "value": 80,
                "attributes": {
                    "startLine": 25,
                    "endLine": 25,
                    "kind": 10
                }
            },
            "errors": []
        },
        "manager": {
            "name": "manager",
            "line": 31,
            "short_desc": "",
            "long_desc": "",
            "hint": [
                [
                    "\\ImageManager",
                    false
                ]
            ],
            "hint_desc": "",
            "tags": [],
            "modifiers": 2,
            "default": null,
            "errors": []
        },
        "image": {
            "name": "image",
            "line": 36,
            "short_desc": "",
            "long_desc": "",
            "hint": [
                [
                    "\\Intervention\\Image\\Image",
                    false
                ]
            ],
            "hint_desc": "",
            "tags": [],
            "modifiers": 2,
            "default": null,
            "errors": []
        },
        "file_path": {
            "name": "file_path",
            "line": 41,
            "short_desc": "",
            "long_desc": "",
            "hint": [
                [
                    "string",
                    false
                ]
            ],
            "hint_desc": "",
            "tags": [],
            "modifiers": 2,
            "default": null,
            "errors": []
        }
    },
    "methods": {
        "__construct": {
            "name": "__construct",
            "line": 44,
            "short_desc": null,
            "long_desc": null,
            "hint": null,
            "hint_desc": null,
            "tags": [],
            "modifiers": 1,
            "is_by_ref": "",
            "exceptions": [],
            "errors": [],
            "parameters": {
                "file_path": {
                    "name": "file_path",
                    "line": 44,
                    "short_desc": null,
                    "long_desc": null,
                    "hint": null,
                    "tags": [],
                    "modifiers": null,
                    "default": null,
                    "variadic": false,
                    "is_by_ref": false
                },
                "max_size": {
                    "name": "max_size",
                    "line": 44,
                    "short_desc": null,
                    "long_desc": null,
                    "hint": null,
                    "tags": [],
                    "modifiers": null,
                    "default": "[1500, 1500]",
                    "variadic": false,
                    "is_by_ref": false
                },
                "quality": {
                    "name": "quality",
                    "line": 44,
                    "short_desc": null,
                    "long_desc": null,
                    "hint": null,
                    "tags": [],
                    "modifiers": null,
                    "default": null,
                    "variadic": false,
                    "is_by_ref": false
                }
            }
        },
        "save": {
            "name": "save",
            "line": 76,
            "short_desc": "",
            "long_desc": "",
            "hint": [
                [
                    "\\Intervention\\Image\\Image",
                    false
                ]
            ],
            "hint_desc": "",
            "tags": [],
            "modifiers": 1,
            "is_by_ref": "",
            "exceptions": [],
            "errors": [],
            "parameters": {
                "path": {
                    "name": "path",
                    "line": 76,
                    "short_desc": "",
                    "long_desc": null,
                    "hint": [],
                    "tags": [],
                    "modifiers": null,
                    "default": null,
                    "variadic": false,
                    "is_by_ref": false
                }
            }
        }
    },
    "constants": []
}